Brand,SKU,Title,Subtitle,Description,Short Desc,Manufacturer,EAN,UPC,ISBN,MPN,Country of Origin,Condition,ASIN,FNSKU,FBA SKU,FBA,Amazon Size,Barcode Label Type,Prep Type,Stock Status,Status,Publish,Warranty,Product Tags,Sales Price,Retail Price (RRP),Cost per Item,Product Margin %,Profit,Minimum Price,Maximum Price,Estimated Shipping Cost,Preferred Vendor,Vendor SKU,Colour,Size,Material,Compatibility,Height (cm),Width (cm),Depth (cm),Weight (kg),Fast Dispatch,Free Shipping,Is the product bulky?,International Note,Example Reference (optional),Ships from,Handling Time (days),China,Local 3PL,SBAU,USA,Main Image,Is Taxable
OTTERBOX Brand,77-97842,OtterBox Premium Glass Screen Protector,For Samsung Galaxy S25+ - Clear,Description details,short descripton,OTTERBOX,8888,9999,ISBN01,MPN01,Australia,New,ASIN001,FNSK23,FBASKU22,Yes,,Amazon Barcode,Bubble Wrap,In Stock,Discontinued,No,12 Months,ACT,22,23,24,25,26,27,28,29,,77-7777,Red-Color,XS-Size,Rainy-Material,Compatibility details,11,12,13,14,No,No,No,My Internation note test,EZX999,Australia,5,1,2,3,4,,No
Antipodes,BA33,ANTIPODES Baptise H2O Ultra-Hydrating Water Gel MINI 15ml,,"Aqua (Water), Glycerine, Sodium Acrylates Copolymer & Lecithin, Dehydroacetic Acid, Benzyl Alcohol, Glyceryl Caprylate, Polysorbate 20, Hyaluronic Acid (Plant Based), Glycerine & Water & Terminalia Ferdinandiana (Kakadu Plum) Fruit Extract, Sodium Citrate, Lysolecithin & Sclerotium Gum & Xanthan Gum & Pullulan, Phormium Tenax (Harakeke) Flax Extract, Hibiscus Sabdariffa (Hibiscus) Flower Extract, Leptospermum Scoparium Mel (Manuka) Honey, Cyathea Medullaris (Mamaku Black Fern) Extract, Zingiber Officinale (Ginger) Root Extract, Aloe Barbadensis (Aloe Vera) Leaf Extract, Mica, Titanium Dioxide, Rose Anatolia: Citral†, Citronellol†, Eugenol†, Geraniol†, Linalool†. †Component Of Essential Oil",,Antipodes,9.42E+12,9.42191E+12,,ANW82,Australia,New,B0BZGSD4C8,X001B1H7LR,ANW82-UHP-FBA,No,,,No Prep Needed,In Stock,Active,Yes,0 Months,,43.88,49.95,28.38,,0.04,43.88,56.85,6.32,UHP,JC10,,,,,117,37,28,0.026,No,No,No,,,Australia,2,2,2,,5,,No
Botanika Blends,BR07,BOTANIKA BLENDS Keto Creamer Original 300g,,"Coconut Milk Powder, Coconut Derived MCT Oil Powder, Probiotic Culture (Bacillus Coagulans).",,Botanika Blends,9.35E+12,9.35018E+12,,BT98,Australia,New,B09283D6XK,X001B1MEFV,BT98-UHP-FBA,No,,,No Prep Needed,In Stock,Active,Yes,0 Months,,20.65,16.95,8.49,0.02,0.46,20.65,26.86,7.02,UHP,DC333,,,,,230,160,70,0.314,No,No,No,,,Australia,2,3,2,,6,,Yes
Bragg,BT98,BRAGG Apple Cider Vinegar Unfiltered with The Mother 3.8L,,Certified Organic Raw Apple Cider Vinegar.,,Bragg,x,74305011283,,BR07,Australia,New,B000R71WMQ,X001B1H7DZ,BR07-UHP-FBA,No,,,No Prep Needed,In Stock,Active,Yes,0 Months,,55.97,64.95,40.59,0.05,2.57,55.97,79.99,4.27,UHP,BR07,,,,,300,155,155,4.135,No,No,No,,,Australia,2,4,2,,7,,No
Botanika Blends,CHU01,BOTANIKA BLENDS Keto Creamer Original 300g,,"Coconut Milk Powder, Coconut Derived MCT Oil Powder, Probiotic Culture (Bacillus Coagulans).",,Botanika Blends,9.35E+12,9.35018E+12,,BT98,Australia,New,B09283D6XK,X001B1MEFV,BT98-UHP-FBA,No,,,No Prep Needed,In Stock,Active,Yes,0 Months,,31.37,31.95,18.15,-0.01,-0.34,31.37,44.84,6.8,UHP,EQ03,,,,,230,160,70,0.314,No,No,No,,,Australia,2,5,2,,8,,No
Epic,DC333,EPIC Xylitol Chewing Gum Spearmint 12x12pcs,,"Xylitol, Gum Base, Natural Flavours, Gum Arabic, Calcium Carbonate, Sunflower Lecithin, Glycerin, Carnauba Wax.",,Epic,8.98E+11,8.98414E+11,,EP12,Australia,New,B005UB5NOW,X001B7V4FV,EP12-FBA,No,,,No Prep Needed,In Stock,Active,Yes,0 Months,,28.39,27.95,15.88,0.09,2.24,26.98,37.15,4.58,UHP,SFM01,,,,,9,103,63,0.025,No,No,No,,,Australia,2,,2,,9,,No
Every Bit Organic,DU04,EVERY BIT ORGANIC Rose Water 200ml,,Certified Organic Rose Hydrosol 100%.,,Every Bit Organic,9.35E+12,9.34808E+12,,EV17,Australia,New,B08QCJT5J2,X001B7VAHN,EV17-FBA,No,,,No Prep Needed,In Stock,Active,Yes,0 Months,,55.97,64.95,40.59,0.05,2.57,55.97,79.99,4.27,UHP,BR07,,,,,140,57,57,0.33,No,No,No,,,Australia,2,,2,,10,,No
Giovanni,EP12,"GIOVANNI Conditioner 2chic Ultra Volume Fine, Limp Hair 250ml",,"Aqua (Purified Water), Cetearyl Alcohol, Stearyl Alcohol, Guar Hydroxypropyltrimonium Chloride, Xanthan Gum, Dimethicone, Glycerin, Polysorbate 60, *Aloe Barbadensis (Aloe Vera) Leaf Juice, Fragrance, Panthenol (Pro-Vitmin B-5), Polysorbate 20, Phenoxyethanol, Citric Acid, Glycol Stearate, Citrus Tangerina (Tangerine) Peel Oil, *Carica Papaya (Papaya) Fruit Extract, *Panax Ginseng Root Extract, *Citrus Grandis (Grapefruit) Fruit Extract, *Vanilla Planifolia Fruit Extract, *Saccharum Officinarum (Sugar Cane) Extract, *Prunus Amygdalus Dulcis (Sweet Almond) Fruit Extract, Annatto. *USDA Certified Organic",,Giovanni,7.16E+11,7.16237E+11,,GK32,Australia,New,B00DZNN02O,X001B7V75N,GK32-FBA,No,,,No Prep Needed,In Stock,Active,Yes,0 Months,,23.82,16.95,9.63,0.02,0.57,23.82,29.99,7.02,UHP,EV17,,,,,210,50,50,0.28,No,No,No,,,Australia,2,5,2,,11,,No
Giovanni,EQ03,GIOVANNI Shampoo Smooth As Silk Damaged Hair 250ml,,"Aqua (Purified Water), Sodium Lauroyl Sarcosinate, Decyl Glucoside, Cocamidopropyl Betaine, Sodium Cocoamphoacetate, Lauryl Glucoside, Sodium Cocoyl Glutamate, Sodium Lauryl Glucose Carboxylate, Pyrus Malus (Apple) Fruit Extract, *Aloe Barbadensis (Aloe Vera) Leaf Juice, *Chamomilla Recutita (Matricaria) Leaf Extract, *Citrus Aurantium Dulcis (Valencia Orange) Extract, *Citrus Grandis (Grapefruit) Fruit Extract, *Cymbopogon Schoenanthus (Lemongrass) Extract, *Echinacea Purpurea Extract, *Ginkgo Biloba Extract, *Glycine Soja (Soybean) Seed Extract, *Lavandula Angustifolia (Lavender) Extract, *Rosmarinus Officinalis (Rosemary) Leaf Extract, *Macrocystis Pyrifera (Sea Kelp) Extract, *Mangifera Indica (Mango) Extract, *Salix Alba (Willow Bark) Extract, Xanthan Gum, Glycol Distearate, Panthenol (Pro-Vitamin B5), Citric Acid, Polysorbate 20, Potassium Sorbate, Phenoxyethanol, Natural Fragrance. *USDA Certified Organic",,Giovanni,7.16E+11,7.16237E+11,,GV06,Australia,New,B0011V0QH4,X001B7UK4H,GV06-FBA,No,,,No Prep Needed,In Stock,Active,Yes,0 Months,,18.15,21.95,12.47,,-0.09,24.61,30.93,6.78,UHP,NU12,,,,,190,35,65,0.325,No,No,No,,,Australia,2,,2,,12,,No
Giovanni,EV17,GIOVANNI Shampoo 50/50 Balanced Normal/Dry Hair 250ml,,"Aqua (Purified Water), Sodium Cocoampho-acetate, Lauryl Glucoside, Sodium Cocoyl Glutamate, Sodium Lauryl Glucose Carboxylate, Decyl Glucoside, Cocamidopropyl Betaine, Vegetable Glycerin, Panthenol, Potassium Sorbate, Citric Acid, Polysorbate 20, Phenoxyethanol, Natural Fragrance, *Aloe Barbadensis (Aloe Vera) Leaf Juice, *Helianthus Annuus (Sunflower) Seed Oil, *Glycine Soja (Soybean) Seed Extract, *Betula Alba Extract, *Malva Sylvestris (Mallow) Extract, *Achillea Millefolium Extract, *Chamomilla Recutita (Matricaria) Flower Extract, *Equisetum Arvense Extract, *Lavandula Angustifolia (Lavender) Extract, *Rosmarinus Officinalis (Rosemary) Leaf Extract, *Salvia Sclarea (Clary) Extract, *Thymus Vulgaris (Thyme) Extract, *Tussilago Farfara (Coltsfoot) Flower Extract, *Urtica Dioica (Nettle) Extract. *USDA Certified Organic",,Giovanni,7.16E+11,7.16237E+11,,GV02,Australia,New,B00014DKB6,X001B13TBT,GV02-UHP-FBA,No,,,No Prep Needed,In Stock,Active,Yes,0 Months,,72.83,89.95,50.19,0.02,1.36,72.83,94.69,9.81,UHP,MAC152,,,,,190,35,65,0.325,No,No,No,,,Australia,2,6,2,,13,,No
Essential Oxygen,EX02,ESSENTIAL OXYGEN Toothpaste/Mouthwash Brushing Rinse Peppermint 473ml,,"Deionized Purified Water, Aloe Leaf Juice (Aloe Barbadensis)*, Hydrogen Peroxide, Peppermint Oil (Mentha Piperia)*, Rosemary Leaf Oil (Rosmarinus Officinalis)*, Eucalyptus Leaf Oil (Eucalyptus Globulus)*, Lemon Peel Oil (Citrus Medica Limonum)*, Clove Bud Oil (Eugenia Caryophyllus)*, Cinnamon Leaf Oil (Cinnamomum Zeylanicum)*. *Organic Ingredient",,Essential Oxygen,8.58E+11,8.57584E+11,,EX02,Australia,New,B06XV236L6,X001B1H6Z9,EX02-UHP-FBA,No,,,No Prep Needed,In Stock,Active,Yes,0 Months,,,,,,,0,0,0,,,,,,,205,68,68,0.5,No,No,No,,,Australia,2,,2,,14,,No
Nutribiotic,GK32,NUTRIBIOTIC Nasal Spray Pump 29.5ml,,"Water (Aqua), Glycerin (Vegetable), Citric Paradisi (Grapefruit) Seed Extract [Citricidal], and Sodium Chloride.",,Nutribiotic,7.28E+11,7.28177E+11,,NU12,Australia,New,B00012NGHG,X001B7WT23,NU12-FBA,No,,,No Prep Needed,In Stock,Active,Yes,0 Months,,,,,,,0,0,0,,,,,,,125,44,36,0.055,No,No,No,,,Australia,2,6,2,,15,,No
Surfmud,GV02,SURFMUD Natural Zinc Tinted Covering Cream 45g,,"Zinc Oxide (Non Nano), Coco Caprylate/Caprate, Bees Wax, Lanolin, Kaolin, Iron Oxides (C 77491, Cl 77492, C 77499)",,Surfmud,9.37E+12,9.37E+12,,SFM01,Australia,New,B08L8VGZ92,B08L8VGZ92,SFM01-FBA,No,,,No Prep Needed,In Stock,Active,Yes,0 Months,,,,,,,0,0,0,,,,,,,17,65,65,0.059,No,No,No,,,Australia,2,2,2,,16,,No
Bass,GV05,BASS Bamboo Hair Brush Large Square Paddle,,"Bamboo Handle, Bamboo Pins.",,Bass,7.36E+11,7.36473E+11,,BA33,Australia,New,B003XW1EZM,X001B1HX11,BA33-UHP-FBA,No,,,No Prep Needed,In Stock,Active,Yes,0 Months,,,,,,,0,0,0,,,,,,,255,90,42,0.115,No,No,No,,,Australia,2,,2,,,,No
Ecobud,GV06,ECOBUD Replacement Filter for Ecobud Gentoo,,"Fine Top Mesh/PPF Filter, Energising Ceramic, Activated Carbon, Kinetic Degradation Fluxion (KDF), Calcium Ionised Clay & Ion Exchange, Bottom Mesh/PPF Filter.",,Ecobud,9.35E+12,9.34869E+12,,EQ03,Australia,New,B00L4T5I0S,X001B1HXUH,EQ03-UHP-FBA,No,,,No Prep Needed,In Stock,Active,Yes,0 Months,,,,,,,0,0,0,,,,,,,136,76,76,0.187,No,No,No,,,Australia,2,,2,,,,No
Bragg,GV16,BRAGG Apple Cider Vinegar Unfiltered with The Mother 3.8L,,Certified Organic Raw Apple Cider Vinegar.,,Bragg,74305011283,74305011283,,BR07,Australia,New,B000R71WMQ,X001B1H7DZ,BR07-UHP-FBA,No,,,No Prep Needed,In Stock,Active,Yes,0 Months,,,,,,,0,0,0,,,,,,,300,155,155,4.135,No,No,No,,,Australia,2,,2,,,,No
Nutribiotic,GV18,NUTRIBIOTIC Nasal Spray Pump 29.5ml,,"Water (Aqua), Glycerin (Vegetable), Citric Paradisi (Grapefruit) Seed Extract [Citricidal], and Sodium Chloride.",,Nutribiotic,7.28E+11,7.28177E+11,,NU12,Australia,New,B00012NGHG,X001B7WT23,NU12-FBA,No,,,No Prep Needed,In Stock,Active,Yes,0 Months,,,,,,,0,0,0,,,,,,,125,44,36,0.055,No,No,No,,,Australia,2,,2,,,,No
Nutribiotic,HW111,NUTRIBIOTIC Nasal Spray Pump 29.5ml,,"Water (Aqua), Glycerin (Vegetable), Citric Paradisi (Grapefruit) Seed Extract [Citricidal], and Sodium Chloride.",,Nutribiotic,7.28E+11,7.28177E+11,,NU12,Australia,New,B00012NGHG,X001B7WT23,NU12-FBA,No,,,No Prep Needed,In Stock,Active,Yes,0 Months,,,,,,,0,0,0,,,,,,,125,44,36,0.055,No,No,No,,,Australia,2,,2,,,,No
Bragg,JC01,BRAGG Apple Cider Vinegar Unfiltered with The Mother 3.8L,,Certified Organic Raw Apple Cider Vinegar.,,Bragg,74305011283,74305011283,,BR07,Australia,New,B000R71WMQ,X001B1H7DZ,BR07-UHP-FBA,No,,,No Prep Needed,In Stock,Active,Yes,0 Months,,,,,,,0,0,0,,,,,,,300,155,155,4.135,No,No,No,,,Australia,2,,2,,,,No
The Jojoba Company,JC02,THE JOJOBA COMPANY Jojoba Ultimate Youth Potion with CoQ10 & L22® 50ml,,"Simmondsia Chinensis (Jojoba) Seed Oil, Jojoba Oil/Macadamia Seed Oil Esters*, Squalene*, Ubiquinone (Coenzyme Q10), Sclerocarya Birrea (Marula) Seed Oil, Camellia Oleifera (Camellia) Seed Oil, Argania Spinosa (Argan) Kernel Oil, Adansonia Digitata (Baobab) Oil, Phytosteryl Macadamiate*, Leptospermum Scoparium (Manuka) Branch/Leaf Oil, Tilia Cordata (Linden Blossom) Oil, Phytosterols*, Tocopherol*. *Components of L22",,The Jojoba Company,9.34E+12,9.34213E+12,,JC10,Australia,New,B00O7CME0Q,X001B17J15,JC10-UHP-FBA,No,,,No Prep Needed,In Stock,Active,Yes,0 Months,,,,,,,0,0,0,,,,,,,160,45,45,0.18,No,No,No,,,Australia,2,,2,,,,No
Ecobud,JC10,ECOBUD Replacement Filter for Ecobud Gentoo,,"Fine Top Mesh/PPF Filter, Energising Ceramic, Activated Carbon, Kinetic Degradation Fluxion (KDF), Calcium Ionised Clay & Ion Exchange, Bottom Mesh/PPF Filter.",,Ecobud,9.35E+12,9.34869E+12,,EQ03,Australia,New,B00L4T5I0S,X001B1HXUH,EQ03-UHP-FBA,No,,,No Prep Needed,In Stock,Active,Yes,0 Months,,,,,,,0,0,0,,,,,,,136,76,76,0.187,No,No,No,,,Australia,2,,2,,,,No
Botanika Blends,JC15,BOTANIKA BLENDS Keto Creamer Original 300g,,"Coconut Milk Powder, Coconut Derived MCT Oil Powder, Probiotic Culture (Bacillus Coagulans).",,Botanika Blends,9.35E+12,9.35018E+12,,BT98,Australia,New,B09283D6XK,X001B1MEFV,BT98-UHP-FBA,No,,,No Prep Needed,In Stock,Active,Yes,0 Months,,,,,,,0,0,0,,,,,,,230,160,70,0.314,No,No,,,,,,,2,,,,No
Every Bit Organic,KR19,EVERY BIT ORGANIC Rose Water 200ml,,Certified Organic Rose Hydrosol 100%.,,Every Bit Organic,9.35E+12,9.34808E+12,,EV17,Australia,New,B08QCJT5J2,X001B7VAHN,EV17-FBA,No,,,No Prep Needed,In Stock,Active,Yes,0 Months,,,,,,,0,0,0,,,,,,,140,57,57,0.33,No,No,,,,,,,2,,,,No
The Jojoba Company,MAC143,THE JOJOBA COMPANY Jojoba Ultimate Youth Potion with CoQ10 & L22® 50ml,,"Simmondsia Chinensis (Jojoba) Seed Oil, Jojoba Oil/Macadamia Seed Oil Esters*, Squalene*, Ubiquinone (Coenzyme Q10), Sclerocarya Birrea (Marula) Seed Oil, Camellia Oleifera (Camellia) Seed Oil, Argania Spinosa (Argan) Kernel Oil, Adansonia Digitata (Baobab) Oil, Phytosteryl Macadamiate*, Leptospermum Scoparium (Manuka) Branch/Leaf Oil, Tilia Cordata (Linden Blossom) Oil, Phytosterols*, Tocopherol*. *Components of L22",,The Jojoba Company,9.34E+12,9.34213E+12,,JC10,Australia,New,B00O7CME0Q,X001B17J15,JC10-UHP-FBA,No,,,No Prep Needed,In Stock,Active,Yes,0 Months,,,,,,,0,0,0,,,,,,,160,45,45,0.18,No,No,,,,,,,2,,,,No
Bragg,MAC152,BRAGG Apple Cider Vinegar Unfiltered with The Mother 3.8L,,Certified Organic Raw Apple Cider Vinegar.,,Bragg,74305011283,74305011283,,BR07,Australia,New,B000R71WMQ,X001B1H7DZ,BR07-UHP-FBA,No,,,No Prep Needed,In Stock,Active,Yes,0 Months,,,,,,,0,0,0,,,,,,,300,155,155,4.135,No,No,,,,,,,2,,,,No
Surfmud,ANW82,SURFMUD Natural Zinc Tinted Covering Cream 45g,,"Zinc Oxide (Non Nano), Coco Caprylate/Caprate, Bees Wax, Lanolin, Kaolin, Iron Oxides (C 77491, Cl 77492, C 77499)",,Surfmud,9.37E+12,9.37E+12,,SFM01,Australia,New,B08L8VGZ92,B08L8VGZ92,SFM01-FBA,No,,,No Prep Needed,In Stock,Active,Yes,0 Months,,,,,,,0,0,0,,,,,,,17,65,65,0.059,No,No,,,,,,,2,,,,No
Surfmud,SFM01,SURFMUD Natural Zinc Tinted Covering Cream 45g,,"Zinc Oxide (Non Nano), Coco Caprylate/Caprate, Bees Wax, Lanolin, Kaolin, Iron Oxides (C 77491, Cl 77492, C 77499)",,Surfmud,9.37E+12,9.37E+12,,SFM01,Australia,New,B08L8VGZ92,B08L8VGZ92,SFM01-FBA,No,,,No Prep Needed,In Stock,Active,Yes,0 Months,,,,,,,0,0,0,,,,,,,17,65,65,0.059,No,No,,,,,,,2,,,,No
Nutribiotic,SKU,NUTRIBIOTIC Nasal Spray Pump 29.5ml,,"Water (Aqua), Glycerin (Vegetable), Citric Paradisi (Grapefruit) Seed Extract [Citricidal], and Sodium Chloride.",,Nutribiotic,7.28E+11,7.28177E+11,,NU12,Australia,New,B00012NGHG,X001B7WT23,NU12-FBA,No,,,No Prep Needed,In Stock,Active,Yes,0 Months,,,,,,,0,0,0,,,,,,,125,44,36,0.055,No,No,,,,,,,2,,,,No
SHAMPOO WITH A PURPOSE Shampoo & Conditioner Bar Volume 135g,SWP01,SHAMPOO WITH A PURPOSE Shampoo & Conditioner Bar Volume 135g,s,"Sodium Cocoyl Isethionate, Guar Gum (Guar Hydroxypropyl Trimonium Chloride), Plant Origin Glycerine (Glycerin), Moroccan Argan Oil (Argania Spinosa Kernel Oil), Sodium Laurel Sulphoacetate, Shea Butter (Butyrospermum Parkii), Panax Ginseng Root Extract, Salvia Officinalis (Sage) Extract, Seaweed Extract (Ascophyllum Nodosum), Essential Oils of: Juniperus Communis (Juniper) Wood Oil, Rosemary - (Rosmarinus Officinalis (Rosemary) Leaf Oil), Cedarwood - Cedrus Atlantica Bark Oil, Orange Oil - Citrus Aurantium Dulcis (Orange) Peel Oil, Pink Grapefruit Oil - Citrus Paradisi (Grapefruit) Oil, Lemon Oil - Citrus Medica Limonum (Lemon) Peel Oil, Lime Oil - Citrus Aurantifolia (Lime ) Oil, Mandarin Oil - Citrus Nobilis(Mandarin Orange) Peel Oil, Petitgrain OIl - Citrus Aurantium Amara (Bitter Orange) Leaf Oil, Bergamot - Citrus Aurantium Bergamia (Bergamot) Fruit Oil.",,SHAMPOO WITH A PURPOSE Shampoo & Conditioner Bar Volume 135g,9.3234712,9.32347E+12,,SWP04,Australia,New,B07VDSJT8Q,X001BF8ITX,SWP04-FBA,No,,,No Prep Needed,In Stock,Active,Yes,0 Months,,,,,,,0,0,0,,,Ref,XLS,Cart,,36,98,57,0.145,No,No,,,,,,,2,,,,No
Giovanni,SWP04,Conditioner Tea Tree Triple Treat All Hair,,"Aqua (Purified Water), Cetyl Alcohol, Stearyl Alcohol, Glycerin, Panthenol, Cetrimonium Chloride, Cetearyl Alcohol, Hydroxypropyl Guar, Behentrimonium Methosulfate, Menthol, Polysorbate 60, Citric Acid, Ethylhexylglycerin, Phenoxyethanol, Mentha Piperita (Peppermint) Oil, *Aloe Barbadensis (Aloe Vera) Leaf Juice, *Carthamus Tinctorius (Safflower) Oil, *Achillea Millefolium Extract, *Chamomilla Recutita (Matricaria) Flower Extract, *Equisetum Arvense Extract, *Eucalyptus Globulus (Eucalyptus) Oil, *Lavandula Angustifolia (Lavender) Leaf Extract, *Melaleuca Alternifolia (Tea Tree) Leaf Oil, *Rosmarinus Officinalis (Rosemary) Leaf Extract, *Salvia Officinalis (Sage) Leaf Extract, *Thymus Vulgaris (Thyme) Extract, *Tussilago Farfara (Coltsfoot) Flower Extract, *Urtica Dioica (Nettle) Extract. *USDA Certified Organic",,Giovanni,7.16E+11,7.16237E+11,,GV16,Australia,New,B00066D2MG,X001B7WVDF,GV16-FBA,No,,,No Prep Needed,In Stock,Active,Yes,0 Months,,,,,,,0,0,0,,,,,,,190,40,65,0.31,No,No,,,,,,,2,,,,No
